year,month,originCountry,totalCount,dollarRate,apparent_temperature_mean_celcius,sunshine_duration_seconds,rain_sum_mm,precipitation_hours,num_establishments,num_rooms,AirPassengerFaresIndex,consumerPriceIndex,month_num
2024,January,India,34399,315.7,30.78765432,33462.04969,7.672839506,7.012345679,4519,55455,178.0,185.5,1
2024,January,Russia,31159,315.7,30.78765432,33462.04969,7.672839506,7.012345679,4519,55455,178.0,251.3,1
2024,January,United Kingdom,16665,315.7,30.78765432,33462.04969,7.672839506,7.012345679,4519,55455,178.0,130.0,1
2024,January,Germany,13593,315.7,30.78765432,33462.04969,7.672839506,7.012345679,4519,55455,178.0,117.6,1
2024,January,China,11511,315.7,30.78765432,33462.04969,7.672839506,7.012345679,4519,55455,178.0,103.1,1
2024,January,France,9919,315.7,30.78765432,33462.04969,7.672839506,7.012345679,4519,55455,178.0,118.19,1
2024,January,Poland,7800,315.7,30.78765432,33462.04969,7.672839506,7.012345679,4519,55455,178.0,182.2,1
2024,January,Australia,6645,315.7,30.78765432,33462.04969,7.672839506,7.012345679,4519,55455,178.0,137.4,1
2024,January,United States,5712,315.7,30.78765432,33462.04969,7.672839506,7.012345679,4519,55455,178.0,141.4396793,1
2024,January,Netherlands,4531,315.7,30.78765432,33462.04969,7.672839506,7.012345679,4519,55455,178.0,127.11,1
2024,February,Russia,32030,309.5,30.90802469,32260.59167,5.719135802,6.203703704,4519,55455,178.0,253.0,2
2024,February,India,30027,309.5,30.90802469,32260.59167,5.719135802,6.203703704,4519,55455,178.0,185.8,2
2024,February,United Kingdom,20614,309.5,30.90802469,32260.59167,5.719135802,6.203703704,4519,55455,178.0,130.8,2
2024,February,Germany,16259,309.5,30.90802469,32260.59167,5.719135802,6.203703704,4519,55455,178.0,118.1,2
2024,February,China,14836,309.5,30.90802469,32260.59167,5.719135802,6.203703704,4519,55455,178.0,104.2,2
2024,February,France,12503,309.5,30.90802469,32260.59167,5.719135802,6.203703704,4519,55455,178.0,119.21,2
2024,February,Poland,6909,309.5,30.90802469,32260.59167,5.719135802,6.203703704,4519,55455,178.0,182.7,2
2024,February,Australia,6265,309.5,30.90802469,32260.59167,5.719135802,6.203703704,4519,55455,178.0,137.4,2
2024,February,United States,5709,309.5,30.90802469,32260.59167,5.719135802,6.203703704,4519,55455,178.0,142.3151445,2
2024,February,Netherlands,4011,309.5,30.90802469,32260.59167,5.719135802,6.203703704,4519,55455,178.0,127.95,2
2024,March,India,31853,300.3,30.82839506,37584.72049,2.075308642,4.864197531,4519,55455,178.6,185.8,3
2024,March,Russia,28016,300.3,30.82839506,37584.72049,2.075308642,4.864197531,4519,55455,178.6,254.0,3
2024,March,United Kingdom,21540,300.3,30.82839506,37584.72049,2.075308642,4.864197531,4519,55455,178.6,131.6,3
2024,March,Germany,18324,300.3,30.82839506,37584.72049,2.075308642,4.864197531,4519,55455,178.6,118.6,3
2024,March,China,12865,300.3,30.82839506,37584.72049,2.075308642,4.864197531,4519,55455,178.6,103.3,3
2024,March,France,10960,300.3,30.82839506,37584.72049,2.075308642,4.864197531,4519,55455,178.6,119.47,3
2024,March,Australia,8852,300.3,30.82839506,37584.72049,2.075308642,4.864197531,4519,55455,178.6,137.4,3
2024,March,United States,7617,300.3,30.82839506,37584.72049,2.075308642,4.864197531,4519,55455,178.6,143.2350938,3
2024,March,Poland,4789,300.3,30.82839506,37584.72049,2.075308642,4.864197531,4519,55455,178.6,183.1,3
2024,March,Canada,4034,300.3,30.82839506,37584.72049,2.075308642,4.864197531,4519,55455,178.6,159.8,3
2024,April,India,27304,297.25,30.82962963,38963.96389,2.304320988,5.444444444,4519,55455,180.8,186.7,4
2024,April,Russia,15103,297.25,30.82962963,38963.96389,2.304320988,5.444444444,4519,55455,180.8,255.2,4
2024,April,United Kingdom,13173,297.25,30.82962963,38963.96389,2.304320988,5.444444444,4519,55455,180.8,132.2,4
2024,April,Germany,9843,297.25,30.82962963,38963.96389,2.304320988,5.444444444,4519,55455,180.8,119.2,4
2024,April,France,8792,297.25,30.82962963,38963.96389,2.304320988,5.444444444,4519,55455,180.8,120.07,4
2024,April,China,8518,297.25,30.82962963,38963.96389,2.304320988,5.444444444,4519,55455,180.8,103.2,4
2024,April,Australia,7202,297.25,30.82962963,38963.96389,2.304320988,5.444444444,4519,55455,180.8,138.8,4
2024,April,United States,5574,297.25,30.82962963,38963.96389,2.304320988,5.444444444,4519,55455,180.8,143.79275,4
2024,April,Canada,3594,297.25,30.82962963,38963.96389,2.304320988,5.444444444,4519,55455,180.8,160.6,4
2024,April,Netherlands,3437,297.25,30.82962963,38963.96389,2.304320988,5.444444444,4519,55455,180.8,129.42,4
2024,May,India,32254,301.8,30.94074074,38840.00031,2.502469136,5.765432099,4519,55455,181.5,187.7,5
2024,May,United Kingdom,8094,301.8,30.94074074,38840.00031,2.502469136,5.765432099,4519,55455,181.5,132.7,5
2024,May,Maldives,8040,301.8,30.94074074,38840.00031,2.502469136,5.765432099,4519,55455,181.5,102.6575979,5
2024,May,China,7511,301.8,30.94074074,38840.00031,2.502469136,5.765432099,4519,55455,181.5,103.2,5
2024,May,Germany,7495,301.8,30.94074074,38840.00031,2.502469136,5.765432099,4519,55455,181.5,119.3,5
2024,May,Australia,5465,301.8,30.94074074,38840.00031,2.502469136,5.765432099,4519,55455,181.5,138.8,5
2024,May,Russia,4384,301.8,30.94074074,38840.00031,2.502469136,5.765432099,4519,55455,181.5,257.1,5
2024,May,United States,4082,301.8,30.94074074,38840.00031,2.502469136,5.765432099,4519,55455,181.5,144.03168,5
2024,May,France,4064,301.8,30.94074074,38840.00031,2.502469136,5.765432099,4519,55455,181.5,120.11,5
2024,May,Canada,3294,301.8,30.94074074,38840.00031,2.502469136,5.765432099,4519,55455,181.5,161.5,5
2024,June,India,28631,305.9,30.89012346,37813.53586,2.397530864,4.222222222,4519,55455,197.9,190.2,6
2024,June,United Kingdom,9266,305.9,30.89012346,37813.53586,2.397530864,4.222222222,4519,55455,197.9,133.0,6
2024,June,China,8575,305.9,30.89012346,37813.53586,2.397530864,4.222222222,4519,55455,197.9,102.9,6
2024,June,Australia,6317,305.9,30.89012346,37813.53586,2.397530864,4.222222222,4519,55455,197.9,138.8,6
2024,June,Maldives,5109,305.9,30.89012346,37813.53586,2.397530864,4.222222222,4519,55455,197.9,103.4058817,6
2024,June,Germany,4556,305.9,30.89012346,37813.53586,2.397530864,4.222222222,4519,55455,197.9,119.4,6
2024,June,Bangladesh,4374,305.9,30.89012346,37813.53586,2.397530864,4.222222222,4519,55455,197.9,123.38,6
2024,June,United States,4023,305.9,30.89012346,37813.53586,2.397530864,4.222222222,4519,55455,197.9,144.0802915,6
2024,June,Russia,3412,305.9,30.89012346,37813.53586,2.397530864,4.222222222,4519,55455,197.9,258.8,6
2024,June,Canada,3263,305.9,30.89012346,37813.53586,2.397530864,4.222222222,4519,55455,197.9,161.4,6
2024,July,India,41173,302.25,30.52962963,36924.60444,3.148765432,5.487654321,4519,55455,175.5,193.0,7
2024,July,United Kingdom,20837,302.25,30.52962963,36924.60444,3.148765432,5.487654321,4519,55455,175.5,132.9,7
2024,July,China,13040,302.25,30.52962963,36924.60444,3.148765432,5.487654321,4519,55455,175.5,103.4,7
2024,July,Netherlands,11431,302.25,30.52962963,36924.60444,3.148765432,5.487654321,4519,55455,175.5,131.82,7
2024,July,Germany,10618,302.25,30.52962963,36924.60444,3.148765432,5.487654321,4519,55455,175.5,119.8,7
2024,July,France,9405,302.25,30.52962963,36924.60444,3.148765432,5.487654321,4519,55455,175.5,120.42,7
2024,July,Australia,7371,302.25,30.52962963,36924.60444,3.148765432,5.487654321,4519,55455,175.5,139.1,7
2024,July,Switzerland,5089,302.25,30.52962963,36924.60444,3.148765432,5.487654321,4519,55455,175.5,107.539,7
2024,July,United States,4962,302.25,30.52962963,36924.60444,3.148765432,5.487654321,4519,55455,175.5,144.2476801,7
2024,July,Canada,4821,302.25,30.52962963,36924.60444,3.148765432,5.487654321,4519,55455,175.5,162.1,7
2024,August,India,33031,299.0,30.28765432,34114.20907,4.669753086,6.345679012,4519,55455,153.8,193.0,8
2024,August,United Kingdom,17587,299.0,30.28765432,34114.20907,4.669753086,6.345679012,4519,55455,153.8,133.4,8
2024,August,China,11333,299.0,30.28765432,34114.20907,4.669753086,6.345679012,4519,55455,153.8,103.8,8
2024,August,Germany,10623,299.0,30.28765432,34114.20907,4.669753086,6.345679012,4519,55455,153.8,119.7,8
2024,August,Italy,9586,299.0,30.28765432,34114.20907,4.669753086,6.345679012,4519,55455,153.8,121.4,8
2024,August,France,8596,299.0,30.28765432,34114.20907,4.669753086,6.345679012,4519,55455,153.8,121.06,8
2024,August,Spain,7262,299.0,30.28765432,34114.20907,4.669753086,6.345679012,4519,55455,153.8,115.707,8
2024,August,Australia,6687,299.0,30.28765432,34114.20907,4.669753086,6.345679012,4519,55455,153.8,139.1,8
2024,August,Netherlands,5355,299.0,30.28765432,34114.20907,4.669753086,6.345679012,4519,55455,153.8,132.24,8
2024,August,Russia,4351,299.0,30.28765432,34114.20907,4.669753086,6.345679012,4519,55455,153.8,262.4,8
2024,September,India,27884,296.0,29.91555556,31047.71911,6.226666667,5.948148148,4519,55455,175.2,194.2,9
2024,September,China,9078,296.0,29.91555556,31047.71911,6.226666667,5.948148148,4519,55455,175.2,103.8,9
2024,September,United Kingdom,8688,296.0,29.91555556,31047.71911,6.226666667,5.948148148,4519,55455,175.2,133.5,9
2024,September,Germany,8260,296.0,29.91555556,31047.71911,6.226666667,5.948148148,4519,55455,175.2,119.7,9
2024,September,Australia,7200,296.0,29.91555556,31047.71911,6.226666667,5.948148148,4519,55455,175.2,139.1,9
2024,September,Maldives,4359,296.0,29.91555556,31047.71911,6.226666667,5.948148148,4519,55455,175.2,103.870556,9
2024,September,Russia,4199,296.0,29.91555556,31047.71911,6.226666667,5.948148148,4519,55455,175.2,263.5,9
2024,September,Bangladesh,4178,296.0,29.91555556,31047.71911,6.226666667,5.948148148,4519,55455,175.2,130.61,9
2024,September,Spain,4166,296.0,29.91555556,31047.71911,6.226666667,5.948148148,4519,55455,175.2,115.009,9
2024,September,France,3749,296.0,29.91555556,31047.71911,6.226666667,5.948148148,4519,55455,175.2,119.56,9
2024,October,India,36417,292.9,29.94518519,30060.81037,6.332592593,6.785185185,4519,55455,182.1,196.8,10
2024,October,Russia,10367,292.9,29.94518519,30060.81037,6.332592593,6.785185185,4519,55455,182.1,265.4,10
2024,October,United Kingdom,10206,292.9,29.94518519,30060.81037,6.332592593,6.785185185,4519,55455,182.1,134.3,10
2024,October,Germany,9217,292.9,29.94518519,30060.81037,6.332592593,6.785185185,4519,55455,182.1,120.2,10
2024,October,China,8307,292.9,29.94518519,30060.81037,6.332592593,6.785185185,4519,55455,182.1,103.6,10
2024,October,Australia,6523,292.9,29.94518519,30060.81037,6.332592593,6.785185185,4519,55455,182.1,139.4,10
2024,October,France,4688,292.9,29.94518519,30060.81037,6.332592593,6.785185185,4519,55455,182.1,119.89,10
2024,October,Bangladesh,3732,292.9,29.94518519,30060.81037,6.332592593,6.785185185,4519,55455,182.1,133.32,10
2024,October,Spain,3458,292.9,29.94518519,30060.81037,6.332592593,6.785185185,4519,55455,182.1,115.726,10
2024,October,United States,3170,292.9,29.94518519,30060.81037,6.332592593,6.785185185,4519,55455,182.1,144.7631452,10
2024,November,India,41120,290.6,30.0637037,35606.69074,6.294074074,5.42962963,4519,55455,173.3,196.5,11
2024,November,Russia,29053,290.6,30.0637037,35606.69074,6.294074074,5.42962963,4519,55455,173.3,269.3,11
2024,November,United Kingdom,12912,290.6,30.0637037,35606.69074,6.294074074,5.42962963,4519,55455,173.3,134.6,11
2024,November,Germany,12593,290.6,30.0637037,35606.69074,6.294074074,5.42962963,4519,55455,173.3,119.9,11
2024,November,China,8371,290.6,30.0637037,35606.69074,6.294074074,5.42962963,4519,55455,173.3,103.0,11
2024,November,Australia,7937,290.6,30.0637037,35606.69074,6.294074074,5.42962963,4519,55455,173.3,139.4,11
2024,November,France,6665,290.6,30.0637037,35606.69074,6.294074074,5.42962963,4519,55455,173.3,119.72,11
2024,November,Poland,5164,290.6,30.0637037,35606.69074,6.294074074,5.42962963,4519,55455,173.3,190.0,11
2024,November,United States,4472,290.6,30.0637037,35606.69074,6.294074074,5.42962963,4519,55455,173.3,144.6847248,11
2024,November,Spain,3655,290.6,30.0637037,35606.69074,6.294074074,5.42962963,4519,55455,173.3,116.01,11
2024,December,India,52881,293.0,29.8162963,33284.20741,8.215555556,6.311111111,4519,55455,191.6,195.4,12
2024,December,Russia,35268,293.0,29.8162963,33284.20741,8.215555556,6.311111111,4519,55455,191.6,272.8,12
2024,December,United Kingdom,18757,293.0,29.8162963,33284.20741,8.215555556,6.311111111,4519,55455,191.6,135.1,12
2024,December,Germany,14703,293.0,29.8162963,33284.20741,8.215555556,6.311111111,4519,55455,191.6,120.5,12
2024,December,Australia,13109,293.0,29.8162963,33284.20741,8.215555556,6.311111111,4519,55455,191.6,139.4,12
2024,December,China,9924,293.0,29.8162963,33284.20741,8.215555556,6.311111111,4519,55455,191.6,103.0,12
2024,December,United States,8212,293.0,29.8162963,33284.20741,8.215555556,6.311111111,4519,55455,191.6,144.7360878,12
2024,December,Maldives,6903,293.0,29.8162963,33284.20741,8.215555556,6.311111111,4519,55455,191.6,107.4460219,12
2024,December,France,6332,293.0,29.8162963,33284.20741,8.215555556,6.311111111,4519,55455,191.6,119.95,12
2024,December,Poland,6233,293.0,29.8162963,33284.20741,8.215555556,6.311111111,4519,55455,191.6,190.0,12
2022,August,United Kingdom,6776,357.88,28.29382716,31292.65691,4.955864198,6.453703704,3829,48120,172.0,121.8,8
2022,August,India,5340,357.88,28.29382716,31292.65691,4.955864198,6.453703704,3829,48120,172.0,174.3,8
2022,August,Germany,3251,357.88,28.29382716,31292.65691,4.955864198,6.453703704,3829,48120,172.0,110.7,8
2022,August,France,2784,357.88,28.29382716,31292.65691,4.955864198,6.453703704,3829,48120,172.0,113.38,8
2022,August,Canada,2581,357.88,28.29382716,31292.65691,4.955864198,6.453703704,3829,48120,172.0,152.6,8
2022,August,Spain,2148,357.88,28.29382716,31292.65691,4.955864198,6.453703704,3829,48120,172.0,110.265,8
2022,August,Australia,1898,357.88,28.29382716,31292.65691,4.955864198,6.453703704,3829,48120,172.0,128.4,8
2022,August,Russia,1426,357.88,28.29382716,31292.65691,4.955864198,6.453703704,3829,48120,172.0,228.7,8
2022,August,United States,1105,357.88,28.29382716,31292.65691,4.955864198,6.453703704,3829,48120,172.0,135.8236779,8
2022,August,Netherlands,1021,357.88,28.29382716,31292.65691,4.955864198,6.453703704,3829,48120,172.0,123.95,8
2022,September,India,6493,365.5,28.22808642,32366.21022,5.333333333,6.87345679,3829,48120,180.1,175.3,9
2022,September,United Kingdom,2872,365.5,28.22808642,32366.21022,5.333333333,6.87345679,3829,48120,180.1,122.3,9
2022,September,Australia,2309,365.5,28.22808642,32366.21022,5.333333333,6.87345679,3829,48120,180.1,128.4,9
2022,September,Germany,2149,365.5,28.22808642,32366.21022,5.333333333,6.87345679,3829,48120,180.1,112.7,9
2022,September,Russia,1553,365.5,28.22808642,32366.21022,5.333333333,6.87345679,3829,48120,180.1,228.8,9
2022,September,Canada,1552,365.5,28.22808642,32366.21022,5.333333333,6.87345679,3829,48120,180.1,152.7,9
2022,September,Maldives,1314,365.5,28.22808642,32366.21022,5.333333333,6.87345679,3829,48120,180.1,100.0542322,9
2022,September,France,1201,365.5,28.22808642,32366.21022,5.333333333,6.87345679,3829,48120,180.1,112.74,9
2022,September,Spain,1091,365.5,28.22808642,32366.21022,5.333333333,6.87345679,3829,48120,180.1,109.498,9
2022,September,United States,991,365.5,28.22808642,32366.21022,5.333333333,6.87345679,3829,48120,180.1,136.1158054,9
2022,October,India,8862,363.0,28.48549383,32748.63759,5.099074074,7.651234568,3829,48120,188.1,176.7,10
2022,October,Russia,6189,363.0,28.48549383,32748.63759,5.099074074,7.651234568,3829,48120,188.1,229.3,10
2022,October,United Kingdom,4275,363.0,28.48549383,32748.63759,5.099074074,7.651234568,3829,48120,188.1,124.3,10
2022,October,Germany,2881,363.0,28.48549383,32748.63759,5.099074074,7.651234568,3829,48120,188.1,113.5,10
2022,October,Australia,2106,363.0,28.48549383,32748.63759,5.099074074,7.651234568,3829,48120,188.1,130.8,10
2022,October,Maldives,1943,363.0,28.48549383,32748.63759,5.099074074,7.651234568,3829,48120,188.1,99.98126807,10
2022,October,Canada,1625,363.0,28.48549383,32748.63759,5.099074074,7.651234568,3829,48120,188.1,153.8,10
2022,October,France,1540,363.0,28.48549383,32748.63759,5.099074074,7.651234568,3829,48120,188.1,113.9,10
2022,October,United States,1253,363.0,28.48549383,32748.63759,5.099074074,7.651234568,3829,48120,188.1,136.6679584,10
2022,October,Switzerland,889,363.0,28.48549383,32748.63759,5.099074074,7.651234568,3829,48120,188.1,104.6392,10
2022,November,Russia,13820,368.5,28.65617284,33577.90969,5.821604938,7.910493827,3829,48120,187.0,230.1,11
2022,November,India,10167,368.5,28.65617284,33577.90969,5.821604938,7.910493827,3829,48120,187.0,176.5,11
2022,November,Germany,5169,368.5,28.65617284,33577.90969,5.821604938,7.910493827,3829,48120,187.0,113.7,11
2022,November,United Kingdom,4506,368.5,28.65617284,33577.90969,5.821604938,7.910493827,3829,48120,187.0,124.8,11
2022,November,Australia,2939,368.5,28.65617284,33577.90969,5.821604938,7.910493827,3829,48120,187.0,130.8,11
2022,November,United States,2089,368.5,28.65617284,33577.90969,5.821604938,7.910493827,3829,48120,187.0,136.5299201,11
2022,November,Canada,1994,368.5,28.65617284,33577.90969,5.821604938,7.910493827,3829,48120,187.0,154.0,11
2022,November,France,1841,368.5,28.65617284,33577.90969,5.821604938,7.910493827,3829,48120,187.0,114.26,11
2022,November,Maldives,1626,368.5,28.65617284,33577.90969,5.821604938,7.910493827,3829,48120,187.0,100.0,11
2022,November,Switzerland,832,368.5,28.65617284,33577.90969,5.821604938,7.910493827,3829,48120,187.0,104.6432,11
2022,December,Russia,19963,367.5,28.72376543,34277.16401,6.940123457,8.712962963,3829,48120,198.1,231.9,12
2022,December,India,17350,367.5,28.72376543,34277.16401,6.940123457,8.712962963,3829,48120,198.1,175.7,12
2022,December,United Kingdom,7879,367.5,28.72376543,34277.16401,6.940123457,8.712962963,3829,48120,198.1,125.3,12
2022,December,Australia,5158,367.5,28.72376543,34277.16401,6.940123457,8.712962963,3829,48120,198.1,130.8,12
2022,December,Germany,4984,367.5,28.72376543,34277.16401,6.940123457,8.712962963,3829,48120,198.1,113.2,12
2022,December,United States,3638,367.5,28.72376543,34277.16401,6.940123457,8.712962963,3829,48120,198.1,136.1107608,12
2022,December,Maldives,3444,367.5,28.72376543,34277.16401,6.940123457,8.712962963,3829,48120,198.1,100.4900371,12
2022,December,France,2665,367.5,28.72376543,34277.16401,6.940123457,8.712962963,3829,48120,198.1,114.16,12
2022,December,Canada,2618,367.5,28.72376543,34277.16401,6.940123457,8.712962963,3829,48120,198.1,153.1,12
2022,December,Israel,1457,367.5,28.72376543,34277.16401,6.940123457,8.712962963,3829,48120,198.1,95.0,12
2022,January,Russia,13478,201.2,28.48981481,31244.14444,7.84382716,8.679012346,3829,48120,140.8,209.2546,1
2022,January,India,11751,201.2,28.48981481,31244.14444,7.84382716,8.679012346,3829,48120,140.8,165.7,1
2022,January,Ukraine,7774,201.2,28.48981481,31244.14444,7.84382716,8.679012346,3829,48120,140.8,320.4,1
2022,January,United Kingdom,7442,201.2,28.48981481,31244.14444,7.84382716,8.679012346,3829,48120,140.8,114.6,1
2022,January,Germany,5339,201.2,28.48981481,31244.14444,7.84382716,8.679012346,3829,48120,140.8,105.2,1
2022,January,France,3616,201.2,28.48981481,31244.14444,7.84382716,8.679012346,3829,48120,140.8,108.12,1
2022,January,Poland,3185,201.2,28.48981481,31244.14444,7.84382716,8.679012346,3829,48120,140.8,149.1,1
2022,January,Australia,2814,201.2,28.48981481,31244.14444,7.84382716,8.679012346,3829,48120,140.8,123.9,1
2022,January,Maldives,2401,201.2,28.48981481,31244.14444,7.84382716,8.679012346,3829,48120,140.8,97.55655781,1
2022,January,Kazakhstan,2041,201.2,28.48981481,31244.14444,7.84382716,8.679012346,3829,48120,140.8,227.85,1
2022,February,Russia,15340,200.92,28.47654321,32247.28485,7.447530864,9.111111111,3829,48120,149.4,211.7029,2
2022,February,India,12744,200.92,28.47654321,32247.28485,7.447530864,9.111111111,3829,48120,149.4,166.1,2
2022,February,United Kingdom,10642,200.92,28.47654321,32247.28485,7.447530864,9.111111111,3829,48120,149.4,115.4,2
2022,February,Germany,7780,200.92,28.47654321,32247.28485,7.447530864,9.111111111,3829,48120,149.4,106.0,2
2022,February,France,5699,200.92,28.47654321,32247.28485,7.447530864,9.111111111,3829,48120,149.4,108.94,2
2022,February,Ukraine,5288,200.92,28.47654321,32247.28485,7.447530864,9.111111111,3829,48120,149.4,325.5,2
2022,February,Poland,4315,200.92,28.47654321,32247.28485,7.447530864,9.111111111,3829,48120,149.4,148.7,2
2022,February,Kazakhstan,2821,200.92,28.47654321,32247.28485,7.447530864,9.111111111,3829,48120,149.4,229.673,2
2022,February,Czech Republic,2055,200.92,28.47654321,32247.28485,7.447530864,9.111111111,3829,48120,149.4,126.2,2
2022,February,Canada,1958,200.92,28.47654321,32247.28485,7.447530864,9.111111111,3829,48120,149.4,146.8,2
2022,March,India,23216,294.0,28.52716049,31563.2634,8.434567901,9.317901235,3829,48120,162.2,167.7,3
2022,March,United Kingdom,12908,294.0,28.52716049,31563.2634,8.434567901,9.317901235,3829,48120,162.2,116.5,3
2022,March,Germany,9561,294.0,28.52716049,31563.2634,8.434567901,9.317901235,3829,48120,162.2,108.1,3
2022,March,Russia,8899,294.0,28.52716049,31563.2634,8.434567901,9.317901235,3829,48120,162.2,227.82,3
2022,March,France,5741,294.0,28.52716049,31563.2634,8.434567901,9.317901235,3829,48120,162.2,110.49,3
2022,March,Poland,3315,294.0,28.52716049,31563.2634,8.434567901,9.317901235,3829,48120,162.2,153.6,3
2022,March,United States,3114,294.0,28.52716049,31563.2634,8.434567901,9.317901235,3829,48120,162.2,131.8490017,3
2022,March,Canada,2989,294.0,28.52716049,31563.2634,8.434567901,9.317901235,3829,48120,162.2,148.9,3
2022,March,Kazakhstan,2598,294.0,28.52716049,31563.2634,8.434567901,9.317901235,3829,48120,162.2,238.171,3
2022,March,Australia,2359,294.0,28.52716049,31563.2634,8.434567901,9.317901235,3829,48120,162.2,123.9,3
2022,April,United Kingdom,11539,355.0,28.71728395,32326.95216,7.485493827,8.540123457,3829,48120,168.1,119.0,4
2022,April,India,8678,355.0,28.71728395,32326.95216,7.485493827,8.540123457,3829,48120,168.1,170.1,4
2022,April,Germany,6088,355.0,28.71728395,32326.95216,7.485493827,8.540123457,3829,48120,168.1,108.8,4
2022,April,France,4035,355.0,28.71728395,32326.95216,7.485493827,8.540123457,3829,48120,168.1,110.97,4
2022,April,Russia,3874,355.0,28.71728395,32326.95216,7.485493827,8.540123457,3829,48120,168.1,231.4,4
2022,April,Australia,3508,355.0,28.71728395,32326.95216,7.485493827,8.540123457,3829,48120,168.1,126.1,4
2022,April,Canada,2083,355.0,28.71728395,32326.95216,7.485493827,8.540123457,3829,48120,168.1,149.8,4
2022,April,United States,1872,355.0,28.71728395,32326.95216,7.485493827,8.540123457,3829,48120,168.1,132.5850529,4
2022,April,Switzerland,1647,355.0,28.71728395,32326.95216,7.485493827,8.540123457,3829,48120,168.1,103.3351,4
2022,April,Netherlands,1575,355.0,28.71728395,32326.95216,7.485493827,8.540123457,3829,48120,168.1,119.81,4
2022,May,India,5562,360.0,28.57716049,31726.73975,7.869135802,9.040123457,3829,48120,173.5,171.7,5
2022,May,United Kingdom,3723,360.0,28.57716049,31726.73975,7.869135802,9.040123457,3829,48120,173.5,119.7,5
2022,May,Russia,3202,360.0,28.57716049,31726.73975,7.869135802,9.040123457,3829,48120,173.5,231.6,5
2022,May,Germany,2208,360.0,28.57716049,31726.73975,7.869135802,9.040123457,3829,48120,173.5,109.8,5
2022,May,Canada,2013,360.0,28.57716049,31726.73975,7.869135802,9.040123457,3829,48120,173.5,151.9,5
2022,May,Australia,1660,360.0,28.57716049,31726.73975,7.869135802,9.040123457,3829,48120,173.5,126.1,5
2022,May,United States,1368,360.0,28.57716049,31726.73975,7.869135802,9.040123457,3829,48120,173.5,134.0466074,5
2022,May,France,1076,360.0,28.57716049,31726.73975,7.869135802,9.040123457,3829,48120,173.5,111.72,5
2022,May,Maldives,849,360.0,28.57716049,31726.73975,7.869135802,9.040123457,3829,48120,173.5,99.08354377,5
2022,May,Spain,692,360.0,28.57716049,31726.73975,7.869135802,9.040123457,3829,48120,173.5,108.262,5
2022,June,India,6810,356.0,28.50740741,30689.01509,2.973148148,6.287037037,3829,48120,191.1,172.6,6
2022,June,United Kingdom,3368,356.0,28.50740741,30689.01509,2.973148148,6.287037037,3829,48120,191.1,120.5,6
2022,June,Australia,2511,356.0,28.50740741,30689.01509,2.973148148,6.287037037,3829,48120,191.1,126.1,6
2022,June,Germany,2466,356.0,28.50740741,30689.01509,2.973148148,6.287037037,3829,48120,191.1,109.8,6
2022,June,Canada,2308,356.0,28.50740741,30689.01509,2.973148148,6.287037037,3829,48120,191.1,152.9,6
2022,June,France,1717,356.0,28.50740741,30689.01509,2.973148148,6.287037037,3829,48120,191.1,112.55,6
2022,June,United States,1647,356.0,28.50740741,30689.01509,2.973148148,6.287037037,3829,48120,191.1,135.8878818,6
2022,June,Russia,1610,356.0,28.50740741,30689.01509,2.973148148,6.287037037,3829,48120,191.1,230.8,6
2022,June,Maldives,1130,356.0,28.50740741,30689.01509,2.973148148,6.287037037,3829,48120,191.1,99.5262474,6
2022,June,Spain,1027,356.0,28.50740741,30689.01509,2.973148148,6.287037037,3829,48120,191.1,110.267,6
2022,July,United Kingdom,9257,357.0,28.5345679,30562.54849,3.059259259,6.404320988,3829,48120,190.8,121.2,7
2022,July,India,6031,357.0,28.5345679,30562.54849,3.059259259,6.404320988,3829,48120,190.8,173.4,7
2022,July,Germany,3666,357.0,28.5345679,30562.54849,3.059259259,6.404320988,3829,48120,190.8,110.3,7
2022,July,France,3567,357.0,28.5345679,30562.54849,3.059259259,6.404320988,3829,48120,190.8,112.87,7
2022,July,Canada,3458,357.0,28.5345679,30562.54849,3.059259259,6.404320988,3829,48120,190.8,153.1,7
2022,July,Switzerland,2207,357.0,28.5345679,30562.54849,3.059259259,6.404320988,3829,48120,190.8,104.4916,7
2022,July,Netherlands,2053,357.0,28.5345679,30562.54849,3.059259259,6.404320988,3829,48120,190.8,121.57,7
2022,July,Australia,1974,357.0,28.5345679,30562.54849,3.059259259,6.404320988,3829,48120,190.8,128.4,7
2022,July,Russia,1918,357.0,28.5345679,30562.54849,3.059259259,6.404320988,3829,48120,190.8,229.9,7
2022,July,Spain,1499,357.0,28.5345679,30562.54849,3.059259259,6.404320988,3829,48120,190.8,109.986,7
2023,January,Russia,25254,365.0,28.98333333,31970.14997,8.508641975,9.685185185,4346,53229,173.5,233.9,1
2023,January,India,13759,365.0,28.98333333,31970.14997,8.508641975,9.685185185,4346,53229,173.5,176.5,1
2023,January,United Kingdom,8483,365.0,28.98333333,31970.14997,8.508641975,9.685185185,4346,53229,173.5,124.8,1
2023,January,Germany,8217,365.0,28.98333333,31970.14997,8.508641975,9.685185185,4346,53229,173.5,114.3,1
2023,January,France,4840,365.0,28.98333333,31970.14997,8.508641975,9.685185185,4346,53229,173.5,114.6,1
2023,January,Canada,3681,365.0,28.98333333,31970.14997,8.508641975,9.685185185,4346,53229,173.5,153.9,1
2023,January,Australia,3668,365.0,28.98333333,31970.14997,8.508641975,9.685185185,4346,53229,173.5,132.6,1
2023,January,United States,2636,365.0,28.98333333,31970.14997,8.508641975,9.685185185,4346,53229,173.5,137.1990158,1
2023,January,Maldives,2203,365.0,28.98333333,31970.14997,8.508641975,9.685185185,4346,53229,173.5,101.4508329,1
2023,January,Israel,1868,365.0,28.98333333,31970.14997,8.508641975,9.685185185,4346,53229,173.5,95.2,1
2023,February,Russia,29084,362.0,28.87407407,28159.76772,8.924691358,9.12345679,4346,53229,177.2,234.9,2
2023,February,India,13714,362.0,28.87407407,28159.76772,8.924691358,9.12345679,4346,53229,177.2,176.8,2
2023,February,United Kingdom,8575,362.0,28.87407407,28159.76772,8.924691358,9.12345679,4346,53229,177.2,126.0,2
2023,February,Germany,7930,362.0,28.87407407,28159.76772,8.924691358,9.12345679,4346,53229,177.2,115.2,2
2023,February,France,6118,362.0,28.87407407,28159.76772,8.924691358,9.12345679,4346,53229,177.2,115.78,2
2023,February,Australia,3113,362.0,28.87407407,28159.76772,8.924691358,9.12345679,4346,53229,177.2,132.6,2
2023,February,Canada,3107,362.0,28.87407407,28159.76772,8.924691358,9.12345679,4346,53229,177.2,154.5,2
2023,February,United States,2443,362.0,28.87407407,28159.76772,8.924691358,9.12345679,4346,53229,177.2,137.9648759,2
2023,February,Israel,2188,362.0,28.87407407,28159.76772,8.924691358,9.12345679,4346,53229,177.2,95.7,2
2023,February,Maldives,1818,362.0,28.87407407,28159.76772,8.924691358,9.12345679,4346,53229,177.2,101.6780132,2
2023,March,Russia,25553,324.0,28.91512346,30726.10059,8.666358025,9.706790123,4346,53229,180.5,235.8,3
2023,March,India,18959,324.0,28.91512346,30726.10059,8.666358025,9.706790123,4346,53229,180.5,177.2,3
2023,March,United Kingdom,11053,324.0,28.91512346,30726.10059,8.666358025,9.706790123,4346,53229,180.5,126.8,3
2023,March,Germany,9702,324.0,28.91512346,30726.10059,8.666358025,9.706790123,4346,53229,180.5,116.1,3
2023,March,France,5786,324.0,28.91512346,30726.10059,8.666358025,9.706790123,4346,53229,180.5,116.79,3
2023,March,United States,5701,324.0,28.91512346,30726.10059,8.666358025,9.706790123,4346,53229,180.5,138.4216404,3
2023,March,Australia,4725,324.0,28.91512346,30726.10059,8.666358025,9.706790123,4346,53229,180.5,132.6,3
2023,March,Canada,4066,324.0,28.91512346,30726.10059,8.666358025,9.706790123,4346,53229,180.5,155.3,3
2023,March,Iran,3738,324.0,28.91512346,30726.10059,8.666358025,9.706790123,4346,53229,180.5,174.1,3
2023,March,China,3096,324.0,28.91512346,30726.10059,8.666358025,9.706790123,4346,53229,180.5,103.2,3
2023,April,India,19915,320.0,28.79938272,30336.32355,9.953395062,9.956790123,4346,53229,170.7,178.1,4
2023,April,Russia,14656,320.0,28.79938272,30336.32355,9.953395062,9.956790123,4346,53229,170.7,236.7,4
2023,April,United Kingdom,8743,320.0,28.79938272,30336.32355,9.953395062,9.956790123,4346,53229,170.7,128.3,4
2023,April,Germany,7404,320.0,28.79938272,30336.32355,9.953395062,9.956790123,4346,53229,170.7,116.6,4
2023,April,France,5535,320.0,28.79938272,30336.32355,9.953395062,9.956790123,4346,53229,170.7,117.5,4
2023,April,China,5118,320.0,28.79938272,30336.32355,9.953395062,9.956790123,4346,53229,170.7,103.0,4
2023,April,Australia,4996,320.0,28.79938272,30336.32355,9.953395062,9.956790123,4346,53229,170.7,133.7,4
2023,April,United States,3940,320.0,28.79938272,30336.32355,9.953395062,9.956790123,4346,53229,170.7,139.1219208,4
2023,April,Canada,3310,320.0,28.79938272,30336.32355,9.953395062,9.956790123,4346,53229,170.7,156.4,4
2023,April,Japan,2318,320.0,28.79938272,30336.32355,9.953395062,9.956790123,4346,53229,170.7,105.1,4
2023,May,India,23016,290.0,29.00185185,29210.38019,7.934259259,9.49382716,4346,53229,184.4,179.0,5
2023,May,Russia,7760,290.0,29.00185185,29210.38019,7.934259259,9.49382716,4346,53229,184.4,237.4,5
2023,May,Germany,6854,290.0,29.00185185,29210.38019,7.934259259,9.49382716,4346,53229,184.4,116.5,5
2023,May,United Kingdom,5987,290.0,29.00185185,29210.38019,7.934259259,9.49382716,4346,53229,184.4,129.1,5
2023,May,Australia,4201,290.0,29.00185185,29210.38019,7.934259259,9.49382716,4346,53229,184.4,133.7,5
2023,May,China,4173,290.0,29.00185185,29210.38019,7.934259259,9.49382716,4346,53229,184.4,102.9,5
2023,May,Canada,3753,290.0,29.00185185,29210.38019,7.934259259,9.49382716,4346,53229,184.4,157.0,5
2023,May,United States,3240,290.0,29.00185185,29210.38019,7.934259259,9.49382716,4346,53229,184.4,139.4722903,5
2023,May,Maldives,2438,290.0,29.00185185,29210.38019,7.934259259,9.49382716,4346,53229,184.4,101.8753433,5
2023,May,France,2414,290.0,29.00185185,29210.38019,7.934259259,9.49382716,4346,53229,184.4,117.44,5
2023,June,India,26830,307.5,29.28919753,29418.79299,7.095061728,8.552469136,4346,53229,202.9,181.0,6
2023,June,United Kingdom,7981,307.5,29.28919753,29418.79299,7.095061728,8.552469136,4346,53229,202.9,129.4,6
2023,June,Russia,7968,307.5,29.28919753,29418.79299,7.095061728,8.552469136,4346,53229,202.9,238.3,6
2023,June,Australia,6195,307.5,29.28919753,29418.79299,7.095061728,8.552469136,4346,53229,202.9,133.7,6
2023,June,China,5105,307.5,29.28919753,29418.79299,7.095061728,8.552469136,4346,53229,202.9,102.7,6
2023,June,Germany,5090,307.5,29.28919753,29418.79299,7.095061728,8.552469136,4346,53229,202.9,116.8,6
2023,June,Canada,4509,307.5,29.28919753,29418.79299,7.095061728,8.552469136,4346,53229,202.9,157.2,6
2023,June,Maldives,4080,307.5,29.28919753,29418.79299,7.095061728,8.552469136,4346,53229,202.9,101.9811114,6
2023,June,United States,3806,307.5,29.28919753,29418.79299,7.095061728,8.552469136,4346,53229,202.9,139.9226344,6
2023,June,France,2895,307.5,29.28919753,29418.79299,7.095061728,8.552469136,4346,53229,202.9,117.65,6
2023,July,India,23461,317.0,29.2904321,33040.96778,6.427160494,9.077160494,4346,53229,184.2,186.3,7
2023,July,United Kingdom,17482,317.0,29.2904321,33040.96778,6.427160494,9.077160494,4346,53229,184.2,129.0,7
2023,July,China,10062,317.0,29.2904321,33040.96778,6.427160494,9.077160494,4346,53229,184.2,102.9,7
2023,July,Germany,8013,317.0,29.2904321,33040.96778,6.427160494,9.077160494,4346,53229,184.2,117.1,7
2023,July,Russia,8009,317.0,29.2904321,33040.96778,6.427160494,9.077160494,4346,53229,184.2,239.8,7
2023,July,France,7432,317.0,29.2904321,33040.96778,6.427160494,9.077160494,4346,53229,184.2,117.71,7
2023,July,Netherlands,6796,317.0,29.2904321,33040.96778,6.427160494,9.077160494,4346,53229,184.2,127.13,7
2023,July,Maldives,6286,317.0,29.2904321,33040.96778,6.427160494,9.077160494,4346,53229,184.2,102.041994,7
2023,July,Canada,5737,317.0,29.2904321,33040.96778,6.427160494,9.077160494,4346,53229,184.2,158.1,7
2023,July,Australia,5323,317.0,29.2904321,33040.96778,6.427160494,9.077160494,4346,53229,184.2,135.3,7
2023,August,India,30593,318.5,29.26203704,33068.77707,6.029938272,8.212962963,4346,53229,158.2,186.2,8
2023,August,United Kingdom,15035,318.5,29.26203704,33068.77707,6.029938272,8.212962963,4346,53229,158.2,129.4,8
2023,August,China,9262,318.5,29.26203704,33068.77707,6.029938272,8.212962963,4346,53229,158.2,103.2,8
2023,August,Germany,8472,318.5,29.26203704,33068.77707,6.029938272,8.212962963,4346,53229,158.2,117.5,8
2023,August,Russia,6853,318.5,29.26203704,33068.77707,6.029938272,8.212962963,4346,53229,158.2,240.5,8
2023,August,France,6223,318.5,29.26203704,33068.77707,6.029938272,8.212962963,4346,53229,158.2,118.89,8
2023,August,Australia,5522,318.5,29.26203704,33068.77707,6.029938272,8.212962963,4346,53229,158.2,135.3,8
2023,August,Italy,5110,318.5,29.26203704,33068.77707,6.029938272,8.212962963,4346,53229,158.2,120.1,8
2023,August,Canada,4735,318.5,29.26203704,33068.77707,6.029938272,8.212962963,4346,53229,158.2,158.7,8
2023,August,Spain,4455,318.5,29.26203704,33068.77707,6.029938272,8.212962963,4346,53229,158.2,113.149,8
2023,September,India,30063,323.75,29.3345679,34895.80031,6.17962963,7.354938272,4346,53229,173.9,184.1,9
2023,September,China,8445,323.75,29.3345679,34895.80031,6.17962963,7.354938272,4346,53229,173.9,103.4,9
2023,September,United Kingdom,7504,323.75,29.3345679,34895.80031,6.17962963,7.354938272,4346,53229,173.9,130.1,9
2023,September,Germany,7231,323.75,29.3345679,34895.80031,6.17962963,7.354938272,4346,53229,173.9,117.8,9
2023,September,Russia,7163,323.75,29.3345679,34895.80031,6.17962963,7.354938272,4346,53229,173.9,242.6,9
2023,September,Australia,5969,323.75,29.3345679,34895.80031,6.17962963,7.354938272,4346,53229,173.9,135.3,9
2023,September,Israel,4162,323.75,29.3345679,34895.80031,6.17962963,7.354938272,4346,53229,173.9,97.7,9
2023,September,Netherlands,3177,323.75,29.3345679,34895.80031,6.17962963,7.354938272,4346,53229,173.9,127.16,9
2023,September,France,2661,323.75,29.3345679,34895.80031,6.17962963,7.354938272,4346,53229,173.9,118.26,9
2023,September,Canada,2426,323.75,29.3345679,34895.80031,6.17962963,7.354938272,4346,53229,173.9,158.5,9
2023,October,India,28222,327.5,29.21018519,32046.90815,7.309876543,7.416666667,4346,53229,178.3,185.3,10
2023,October,Russia,10629,327.5,29.21018519,32046.90815,7.309876543,7.416666667,4346,53229,178.3,244.6,10
2023,October,United Kingdom,8454,327.5,29.21018519,32046.90815,7.309876543,7.416666667,4346,53229,178.3,130.2,10
2023,October,Germany,7548,327.5,29.21018519,32046.90815,7.309876543,7.416666667,4346,53229,178.3,117.8,10
2023,October,China,6211,327.5,29.21018519,32046.90815,7.309876543,7.416666667,4346,53229,178.3,103.3,10
2023,October,Australia,4977,327.5,29.21018519,32046.90815,7.309876543,7.416666667,4346,53229,178.3,136.1,10
2023,October,Maldives,3862,327.5,29.21018519,32046.90815,7.309876543,7.416666667,4346,53229,178.3,102.6252342,10
2023,October,France,2956,327.5,29.21018519,32046.90815,7.309876543,7.416666667,4346,53229,178.3,118.43,10
2023,October,United States,2651,327.5,29.21018519,32046.90815,7.309876543,7.416666667,4346,53229,178.3,141.0975646,10
2023,October,Spain,2488,327.5,29.21018519,32046.90815,7.309876543,7.416666667,4346,53229,178.3,113.676,10
2023,November,India,30335,327.75,29.1,34373.94068,5.691358025,7.228395062,4346,53229,177.5,186.3,11
2023,November,Russia,24912,327.75,29.1,34373.94068,5.691358025,7.228395062,4346,53229,177.5,247.3,11
2023,November,Germany,12331,327.75,29.1,34373.94068,5.691358025,7.228395062,4346,53229,177.5,117.3,11
2023,November,United Kingdom,11526,327.75,29.1,34373.94068,5.691358025,7.228395062,4346,53229,177.5,130.0,11
2023,November,Australia,7900,327.75,29.1,34373.94068,5.691358025,7.228395062,4346,53229,177.5,136.1,11
2023,November,China,6673,327.75,29.1,34373.94068,5.691358025,7.228395062,4346,53229,177.5,102.8,11
2023,November,United States,4299,327.75,29.1,34373.94068,5.691358025,7.228395062,4346,53229,177.5,140.8132333,11
2023,November,France,3882,327.75,29.1,34373.94068,5.691358025,7.228395062,4346,53229,177.5,118.23,11
2023,November,Poland,3343,327.75,29.1,34373.94068,5.691358025,7.228395062,4346,53229,177.5,181.3,11
2023,November,Japan,2875,327.75,29.1,34373.94068,5.691358025,7.228395062,4346,53229,177.5,106.9,11
2023,December,India,43973,323.8,29.06512346,35063.0909,5.757407407,7.212962963,4346,53229,189.7,185.7,12
2023,December,Russia,29657,323.8,29.06512346,35063.0909,5.757407407,7.212962963,4346,53229,189.7,249.1,12
2023,December,United Kingdom,19265,323.8,29.06512346,35063.0909,5.757407407,7.212962963,4346,53229,189.7,130.5,12
2023,December,Germany,13747,323.8,29.06512346,35063.0909,5.757407407,7.212962963,4346,53229,189.7,117.4,12
2023,December,Australia,10847,323.8,29.06512346,35063.0909,5.757407407,7.212962963,4346,53229,189.7,136.1,12
2023,December,China,8274,323.8,29.06512346,35063.0909,5.757407407,7.212962963,4346,53229,189.7,102.9,12
2023,December,United States,8044,323.8,29.06512346,35063.0909,5.757407407,7.212962963,4346,53229,189.7,140.6733607,12
2023,December,Maldives,5968,323.8,29.06512346,35063.0909,5.757407407,7.212962963,4346,53229,189.7,102.5238031,12
2023,December,France,5509,323.8,29.06512346,35063.0909,5.757407407,7.212962963,4346,53229,189.7,118.39,12
2023,December,Canada,3640,323.8,29.06512346,35063.0909,5.757407407,7.212962963,4346,53229,189.7,158.3,12
2021,June,France,654,199.0,29.36666667,34271.71667,7.236728395,9.694444444,3656,47337,169.4,106.34,6
2021,June,China,176,199.0,29.36666667,34271.71667,7.236728395,9.694444444,3656,47337,169.4,100.2,6
2021,June,Germany,137,199.0,29.36666667,34271.71667,7.236728395,9.694444444,3656,47337,169.4,102.9,6
2021,June,United Kingdom,121,199.0,29.36666667,34271.71667,7.236728395,9.694444444,3656,47337,169.4,111.4,6
2021,June,United States,118,199.0,29.36666667,34271.71667,7.236728395,9.694444444,3656,47337,169.4,124.5994712,6
2021,June,Canada,67,199.0,29.36666667,34271.71667,7.236728395,9.694444444,3656,47337,169.4,141.4,6
2021,June,Russia,33,199.0,29.36666667,34271.71667,7.236728395,9.694444444,3656,47337,169.4,199.1713,6
2021,June,Norway,32,199.0,29.36666667,34271.71667,7.236728395,9.694444444,3656,47337,169.4,115.3,6
2021,June,Switzerland,27,199.0,29.36666667,34271.71667,7.236728395,9.694444444,3656,47337,169.4,101.1087,6
2021,June,Maldives,22,199.0,29.36666667,34271.71667,7.236728395,9.694444444,3656,47337,169.4,94.61287292,6
2021,July,United Kingdom,342,199.0,29.39506173,35101.57614,5.130555556,8.601851852,3656,47337,171.0,111.4,7
2021,July,Maldives,249,199.0,29.39506173,35101.57614,5.130555556,8.601851852,3656,47337,171.0,97.25957117,7
2021,July,United States,242,199.0,29.39506173,35101.57614,5.130555556,8.601851852,3656,47337,171.0,125.1988599,7
2021,July,Germany,215,199.0,29.39506173,35101.57614,5.130555556,8.601851852,3656,47337,171.0,103.4,7
2021,July,Canada,178,199.0,29.39506173,35101.57614,5.130555556,8.601851852,3656,47337,171.0,142.3,7
2021,July,China,167,199.0,29.39506173,35101.57614,5.130555556,8.601851852,3656,47337,171.0,100.5,7
2021,July,France,147,199.0,29.39506173,35101.57614,5.130555556,8.601851852,3656,47337,171.0,106.4,7
2021,July,Switzerland,123,199.0,29.39506173,35101.57614,5.130555556,8.601851852,3656,47337,171.0,101.023,7
2021,July,Pakistan,111,199.0,29.39506173,35101.57614,5.130555556,8.601851852,3656,47337,171.0,146.7567069,7
2021,July,Netherlands,72,199.0,29.39506173,35101.57614,5.130555556,8.601851852,3656,47337,171.0,110.23,7
2021,August,Canada,594,199.0,29.09104938,34096.43108,9.669753086,10.84567901,3656,47337,160.7,142.6,8
2021,August,Germany,515,199.0,29.09104938,34096.43108,9.669753086,10.84567901,3656,47337,160.7,103.5,8
2021,August,United Kingdom,489,199.0,29.09104938,34096.43108,9.669753086,10.84567901,3656,47337,160.7,112.1,8
2021,August,Pakistan,456,199.0,29.09104938,34096.43108,9.669753086,10.84567901,3656,47337,160.7,147.6061868,8
2021,August,India,405,199.0,29.09104938,34096.43108,9.669753086,10.84567901,3656,47337,160.7,162.9,8
2021,August,Maldives,341,199.0,29.09104938,34096.43108,9.669753086,10.84567901,3656,47337,160.7,97.33532945,8
2021,August,United States,311,199.0,29.09104938,34096.43108,9.669753086,10.84567901,3656,47337,160.7,125.4575097,8
2021,August,France,248,199.0,29.09104938,34096.43108,9.669753086,10.84567901,3656,47337,160.7,107.05,8
2021,August,Russia,247,199.0,29.09104938,34096.43108,9.669753086,10.84567901,3656,47337,160.7,200.1283,8
2021,August,China,178,199.0,29.09104938,34096.43108,9.669753086,10.84567901,3656,47337,160.7,100.6,8
2021,September,India,8528,199.0,28.89135802,32265.64698,7.861728395,9.706790123,3656,47337,168.2,163.2,9
2021,September,Pakistan,1225,199.0,28.89135802,32265.64698,7.861728395,9.706790123,3656,47337,168.2,150.7415328,9
2021,September,Germany,466,199.0,28.89135802,32265.64698,7.861728395,9.706790123,3656,47337,168.2,103.8,9
2021,September,United Kingdom,309,199.0,28.89135802,32265.64698,7.861728395,9.706790123,3656,47337,168.2,112.4,9
2021,September,Russia,304,199.0,28.89135802,32265.64698,7.861728395,9.706790123,3656,47337,168.2,201.3291,9
2021,September,Canada,265,199.0,28.89135802,32265.64698,7.861728395,9.706790123,3656,47337,168.2,142.9,9
2021,September,Indonesia,245,199.0,28.89135802,32265.64698,7.861728395,9.706790123,3656,47337,168.2,96.09717,9
2021,September,Bangladesh,235,199.0,28.89135802,32265.64698,7.861728395,9.706790123,3656,47337,168.2,98.88029759,9
2021,September,Spain,182,199.0,28.89135802,32265.64698,7.861728395,9.706790123,3656,47337,168.2,100.575,9
2021,September,France,181,199.0,28.89135802,32265.64698,7.861728395,9.706790123,3656,47337,168.2,106.81,9
2021,October,India,8406,200.0,28.65833333,31056.49256,9.227777778,9.666666667,3656,47337,165.9,165.5,10
2021,October,United Kingdom,2241,200.0,28.65833333,31056.49256,9.227777778,9.666666667,3656,47337,165.9,113.4,10
2021,October,Pakistan,2042,200.0,28.65833333,31056.49256,9.227777778,9.666666667,3656,47337,165.9,153.6101952,10
2021,October,Russia,1328,200.0,28.65833333,31056.49256,9.227777778,9.666666667,3656,47337,165.9,203.5639,10
2021,October,Germany,1196,200.0,28.65833333,31056.49256,9.227777778,9.666666667,3656,47337,165.9,104.3,10
2021,October,Maldives,963,200.0,28.65833333,31056.49256,9.227777778,9.666666667,3656,47337,165.9,97.12746825,10
2021,October,Canada,688,200.0,28.65833333,31056.49256,9.227777778,9.666666667,3656,47337,165.9,143.9,10
2021,October,France,624,200.0,28.65833333,31056.49256,9.227777778,9.666666667,3656,47337,165.9,107.25,10
2021,October,United States,573,200.0,28.65833333,31056.49256,9.227777778,9.666666667,3656,47337,165.9,126.8433954,10
2021,October,Indonesia,473,200.0,28.65833333,31056.49256,9.227777778,9.666666667,3656,47337,165.9,96.21444,10
2021,November,India,14236,202.5,28.71481481,31995.94481,10.30648148,8.796296296,3656,47337,166.3,166.7,11
2021,November,United Kingdom,3770,202.5,28.71481481,31995.94481,10.30648148,8.796296296,3656,47337,166.3,114.1,11
2021,November,Russia,3520,202.5,28.71481481,31995.94481,10.30648148,8.796296296,3656,47337,166.3,205.5181,11
2021,November,Germany,2667,202.5,28.71481481,31995.94481,10.30648148,8.796296296,3656,47337,166.3,104.5,11
2021,November,Pakistan,2612,202.5,28.71481481,31995.94481,10.30648148,8.796296296,3656,47337,166.3,158.1834372,11
2021,November,Maldives,1464,202.5,28.71481481,31995.94481,10.30648148,8.796296296,3656,47337,166.3,97.24015859,11
2021,November,France,1447,202.5,28.71481481,31995.94481,10.30648148,8.796296296,3656,47337,166.3,107.64,11
2021,November,United States,1178,202.5,28.71481481,31995.94481,10.30648148,8.796296296,3656,47337,166.3,127.4666312,11
2021,November,Canada,1161,202.5,28.71481481,31995.94481,10.30648148,8.796296296,3656,47337,166.3,144.2,11
2021,November,Australia,940,202.5,28.71481481,31995.94481,10.30648148,8.796296296,3656,47337,166.3,121.3,11
2021,December,India,23566,202.75,28.7882716,34073.89753,5.832407407,8.583333333,3656,47337,174.7,166.1,12
2021,December,Russia,10793,202.75,28.7882716,34073.89753,5.832407407,8.583333333,3656,47337,174.7,207.2033,12
2021,December,United Kingdom,8493,202.75,28.7882716,34073.89753,5.832407407,8.583333333,3656,47337,174.7,114.7,12
2021,December,Germany,5875,202.75,28.7882716,34073.89753,5.832407407,8.583333333,3656,47337,174.7,104.7,12
2021,December,Ukraine,3562,202.75,28.7882716,34073.89753,5.832407407,8.583333333,3656,47337,174.7,316.2,12
2021,December,Australia,3129,202.75,28.7882716,34073.89753,5.832407407,8.583333333,3656,47337,174.7,121.3,12
2021,December,France,3021,202.75,28.7882716,34073.89753,5.832407407,8.583333333,3656,47337,174.7,107.85,12
2021,December,Maldives,2896,202.75,28.7882716,34073.89753,5.832407407,8.583333333,3656,47337,174.7,97.16848802,12
2021,December,United States,2884,202.75,28.7882716,34073.89753,5.832407407,8.583333333,3656,47337,174.7,127.8582746,12
2021,December,Kazakhstan,2462,202.75,28.7882716,34073.89753,5.832407407,8.583333333,3656,47337,174.7,226.266,12
2021,February,Kazakhstan,1231,194.0,29.17160494,34989.41549,4.911419753,8.645061728,3656,47337,151.3,211.234,2
2021,February,Ukraine,845,194.0,29.17160494,34989.41549,4.911419753,8.645061728,3656,47337,151.3,294.1,2
2021,February,Germany,245,194.0,29.17160494,34989.41549,4.911419753,8.645061728,3656,47337,151.3,101.6,2
2021,February,Russia,119,194.0,29.17160494,34989.41549,4.911419753,8.645061728,3656,47337,151.3,193.9411,2
2021,February,China,117,194.0,29.17160494,34989.41549,4.911419753,8.645061728,3656,47337,151.3,101.5,2
2021,February,India,79,194.0,29.17160494,34989.41549,4.911419753,8.645061728,3656,47337,151.3,156.6,2
2021,February,United Kingdom,79,194.0,29.17160494,34989.41549,4.911419753,8.645061728,3656,47337,151.3,109.4,2
2021,February,United States,75,194.0,29.17160494,34989.41549,4.911419753,8.645061728,3656,47337,151.3,120.6179161,2
2021,February,Canada,71,194.0,29.17160494,34989.41549,4.911419753,8.645061728,3656,47337,151.3,138.9,2
2021,February,Belarus,44,194.0,29.17160494,34989.41549,4.911419753,8.645061728,3656,47337,151.3,74.65509346,2
2021,March,Kazakhstan,1514,198.5,29.16975309,34197.32213,7.672839506,9.299382716,3656,47337,145.9,212.501,3
2021,March,Germany,502,198.5,29.16975309,34197.32213,7.672839506,9.299382716,3656,47337,145.9,102.1,3
2021,March,United Kingdom,316,198.5,29.16975309,34197.32213,7.672839506,9.299382716,3656,47337,145.9,109.7,3
2021,March,Ukraine,287,198.5,29.16975309,34197.32213,7.672839506,9.299382716,3656,47337,145.9,299.1,3
2021,March,China,223,198.5,29.16975309,34197.32213,7.672839506,9.299382716,3656,47337,145.9,101.0,3
2021,March,Russia,197,198.5,29.16975309,34197.32213,7.672839506,9.299382716,3656,47337,145.9,195.2211,3
2021,March,India,183,198.5,29.16975309,34197.32213,7.672839506,9.299382716,3656,47337,145.9,156.8,3
2021,March,United States,182,198.5,29.16975309,34197.32213,7.672839506,9.299382716,3656,47337,145.9,121.4722857,3
2021,March,Canada,120,198.5,29.16975309,34197.32213,7.672839506,9.299382716,3656,47337,145.9,139.6,3
2021,March,Switzerland,84,198.5,29.16975309,34197.32213,7.672839506,9.299382716,3656,47337,145.9,100.5577,3
2021,April,India,796,197.0,29.01512346,31354.17698,7.958950617,8.966049383,3656,47337,147.2,157.8,4
2021,April,China,475,197.0,29.01512346,31354.17698,7.958950617,8.966049383,3656,47337,147.2,100.7,4
2021,April,Kazakhstan,440,197.0,29.01512346,31354.17698,7.958950617,8.966049383,3656,47337,147.2,213.4520549,4
2021,April,Germany,383,197.0,29.01512346,31354.17698,7.958950617,8.966049383,3656,47337,147.2,102.4,4
2021,April,United Kingdom,334,197.0,29.01512346,31354.17698,7.958950617,8.966049383,3656,47337,147.2,110.4,4
2021,April,United States,248,197.0,29.01512346,31354.17698,7.958950617,8.966049383,3656,47337,147.2,122.4706554,4
2021,April,Russia,173,197.0,29.01512346,31354.17698,7.958950617,8.966049383,3656,47337,147.2,196.3534,4
2021,April,Canada,144,197.0,29.01512346,31354.17698,7.958950617,8.966049383,3656,47337,147.2,140.3,4
2021,April,Switzerland,93,197.0,29.01512346,31354.17698,7.958950617,8.966049383,3656,47337,147.2,100.7675,4
2021,April,France,84,197.0,29.01512346,31354.17698,7.958950617,8.966049383,3656,47337,147.2,105.86,4
2021,May,China,237,197.0,29.11882716,32536.58935,6.311419753,8.87962963,3656,47337,154.6,100.6,5
2021,May,Germany,222,197.0,29.11882716,32536.58935,6.311419753,8.87962963,3656,47337,154.6,102.6,5
2021,May,United States,153,197.0,29.11882716,32536.58935,6.311419753,8.87962963,3656,47337,154.6,123.4525155,5
2021,May,United Kingdom,149,197.0,29.11882716,32536.58935,6.311419753,8.87962963,3656,47337,154.6,111.0,5
2021,May,Russia,94,197.0,29.11882716,32536.58935,6.311419753,8.87962963,3656,47337,154.6,197.8064,5
2021,May,Maldives,73,197.0,29.11882716,32536.58935,6.311419753,8.87962963,3656,47337,154.6,96.70748916,5
2021,May,Canada,69,197.0,29.11882716,32536.58935,6.311419753,8.87962963,3656,47337,154.6,141.0,5
2021,May,Switzerland,45,197.0,29.11882716,32536.58935,6.311419753,8.87962963,3656,47337,154.6,101.0339,5
2021,May,India,39,197.0,29.11882716,32536.58935,6.311419753,8.87962963,3656,47337,154.6,160.4,5
2021,May,Australia,34,197.0,29.11882716,32536.58935,6.311419753,8.87962963,3656,47337,154.6,118.8,5
2021,January,Ukraine,1460,190.5,29.16944444,34023.71898,6.420061728,9.447530864,3656,47337,148.5,291.2,1
2021,January,Belarus,30,190.5,29.16944444,34023.71898,6.420061728,9.447530864,3656,47337,148.5,73.23585017,1
2021,January,China,27,190.5,29.16944444,34023.71898,6.420061728,9.447530864,3656,47337,148.5,100.9,1
2021,January,Russia,20,190.5,29.16944444,34023.71898,6.420061728,9.447530864,3656,47337,148.5,192.4401,1
2021,January,Germany,19,190.5,29.16944444,34023.71898,6.420061728,9.447530864,3656,47337,148.5,101.0,1
2021,January,Netherlands,18,190.5,29.16944444,34023.71898,6.420061728,9.447530864,3656,47337,148.5,107.62,1
2021,January,Canada,17,190.5,29.16944444,34023.71898,6.420061728,9.447530864,3656,47337,148.5,138.2,1
2021,January,India,17,190.5,29.16944444,34023.71898,6.420061728,9.447530864,3656,47337,148.5,156.3,1
2021,January,Maldives,17,190.5,29.16944444,34023.71898,6.420061728,9.447530864,3656,47337,148.5,97.38818457,1
2021,January,United States,10,190.5,29.16944444,34023.71898,6.420061728,9.447530864,3656,47337,148.5,119.9612025,1
2019,January,India,40049,178.15,29.49691358,37253.27466,4.175925926,6.564814815,2620,40365,189.9,139.6,1
2019,January,China,26414,178.15,29.49691358,37253.27466,4.175925926,6.564814815,2620,40365,189.9,95.92448,1
2019,January,United Kingdom,26036,178.15,29.49691358,37253.27466,4.175925926,6.564814815,2620,40365,189.9,106.4,1
2019,January,Germany,14027,178.15,29.49691358,37253.27466,4.175925926,6.564814815,2620,40365,189.9,98.09239,1
2019,January,Russia,13474,178.15,29.49691358,37253.27466,4.175925926,6.564814815,2620,40365,189.9,178.6042,1
2019,January,France,11892,178.15,29.49691358,37253.27466,4.175925926,6.564814815,2620,40365,189.9,103.01,1
2019,January,Australia,10368,178.15,29.49691358,37253.27466,4.175925926,6.564814815,2620,40365,189.9,114.1,1
2019,January,United States,7849,178.15,29.49691358,37253.27466,4.175925926,6.564814815,2620,40365,189.9,115.434832,1
2019,January,Ukraine,6481,178.15,29.49691358,37253.27466,4.175925926,6.564814815,2620,40365,189.9,265.7,1
2019,January,Italy,6433,178.15,29.49691358,37253.27466,4.175925926,6.564814815,2620,40365,189.9,102.4,1
2019,February,India,32286,179.9,29.36018519,34265.27735,2.5,6.74691358,2620,40365,186.1,139.9,2
2019,February,United Kingdom,29750,179.9,29.36018519,34265.27735,2.5,6.74691358,2620,40365,186.1,106.8,2
2019,February,China,28039,179.9,29.36018519,34265.27735,2.5,6.74691358,2620,40365,186.1,96.91061,2
2019,February,France,17295,179.9,29.36018519,34265.27735,2.5,6.74691358,2620,40365,186.1,103.06,2
2019,February,Germany,17268,179.9,29.36018519,34265.27735,2.5,6.74691358,2620,40365,186.1,98.47186,2
2019,February,Russia,13008,179.9,29.36018519,34265.27735,2.5,6.74691358,2620,40365,186.1,179.39,2
2019,February,United States,9678,179.9,29.36018519,34265.27735,2.5,6.74691358,2620,40365,186.1,115.9227811,2
2019,February,Australia,8810,179.9,29.36018519,34265.27735,2.5,6.74691358,2620,40365,186.1,114.1,2
2019,February,Canada,6469,179.9,29.36018519,34265.27735,2.5,6.74691358,2620,40365,186.1,134.5,2
2019,February,Italy,5363,179.9,29.36018519,34265.27735,2.5,6.74691358,2620,40365,186.1,102.5,2
2019,March,India,34812,175.35,29.51018519,35514.76355,5.042592593,8.25617284,2620,40365,175.4,140.4,3
2019,March,United Kingdom,29682,175.35,29.51018519,35514.76355,5.042592593,8.25617284,2620,40365,175.4,107.0,3
2019,March,China,23759,175.35,29.51018519,35514.76355,5.042592593,8.25617284,2620,40365,175.4,96.55202,3
2019,March,Germany,18134,175.35,29.51018519,35514.76355,5.042592593,8.25617284,2620,40365,175.4,98.85133,3
2019,March,France,13957,175.35,29.51018519,35514.76355,5.042592593,8.25617284,2620,40365,175.4,103.89,3
2019,March,Russia,12705,175.35,29.51018519,35514.76355,5.042592593,8.25617284,2620,40365,175.4,179.9641,3
2019,March,United States,12543,175.35,29.51018519,35514.76355,5.042592593,8.25617284,2620,40365,175.4,116.5767431,3
2019,March,Australia,11441,175.35,29.51018519,35514.76355,5.042592593,8.25617284,2620,40365,175.4,114.1,3
2019,March,Maldives,7802,175.35,29.51018519,35514.76355,5.042592593,8.25617284,2620,40365,175.4,97.22179459,3
2019,March,Canada,6011,175.35,29.51018519,35514.76355,5.042592593,8.25617284,2620,40365,175.4,135.4,3
2019,April,United Kingdom,24718,176.0,29.38179012,34897.33883,5.728395062,8.533950617,2620,40365,162.7,107.6,4
2019,April,India,23431,176.0,29.38179012,34897.33883,5.728395062,8.533950617,2620,40365,162.7,141.2,4
2019,April,Germany,16930,176.0,29.38179012,34897.33883,5.728395062,8.533950617,2620,40365,162.7,99.8,4
2019,April,China,14263,176.0,29.38179012,34897.33883,5.728395062,8.533950617,2620,40365,162.7,96.64167,4
2019,April,Australia,9565,176.0,29.38179012,34897.33883,5.728395062,8.533950617,2620,40365,162.7,114.8,4
2019,April,France,9148,176.0,29.38179012,34897.33883,5.728395062,8.533950617,2620,40365,162.7,104.22,4
2019,April,United States,4810,176.0,29.38179012,34897.33883,5.728395062,8.533950617,2620,40365,162.7,117.1940171,4
2019,April,Maldives,4655,176.0,29.38179012,34897.33883,5.728395062,8.533950617,2620,40365,162.7,97.61509898,4
2019,April,Switzerland,4531,176.0,29.38179012,34897.33883,5.728395062,8.533950617,2620,40365,162.7,101.5173,4
2019,April,Canada,3741,176.0,29.38179012,34897.33883,5.728395062,8.533950617,2620,40365,162.7,136.0,4
2019,May,India,11246,176.2,29.5712963,35270.97617,4.412037037,8.466049383,2620,40365,174.0,142.0,5
2019,May,United Kingdom,2953,176.2,29.5712963,35270.97617,4.412037037,8.466049383,2620,40365,174.0,107.9,5
2019,May,Australia,2485,176.2,29.5712963,35270.97617,4.412037037,8.466049383,2620,40365,174.0,114.8,5
2019,May,Germany,1767,176.2,29.5712963,35270.97617,4.412037037,8.466049383,2620,40365,174.0,99.98973,5
2019,May,Maldives,1610,176.2,29.5712963,35270.97617,4.412037037,8.466049383,2620,40365,174.0,97.92270183,5
2019,May,China,1589,176.2,29.5712963,35270.97617,4.412037037,8.466049383,2620,40365,174.0,96.64167,5
2019,May,Canada,1575,176.2,29.5712963,35270.97617,4.412037037,8.466049383,2620,40365,174.0,136.6,5
2019,May,United States,1398,176.2,29.5712963,35270.97617,4.412037037,8.466049383,2620,40365,174.0,117.4434949,5
2019,May,France,1120,176.2,29.5712963,35270.97617,4.412037037,8.466049383,2620,40365,174.0,104.33,5
2019,May,Russia,844,176.2,29.5712963,35270.97617,4.412037037,8.466049383,2620,40365,174.0,181.1034,5
2019,June,India,15048,176.4,29.52314815,36037.41997,3.691358025,7.188271605,2620,40365,185.7,142.9,6
2019,June,Australia,4410,176.4,29.52314815,36037.41997,3.691358025,7.188271605,2620,40365,185.7,114.8,6
2019,June,United Kingdom,4365,176.4,29.52314815,36037.41997,3.691358025,7.188271605,2620,40365,185.7,107.9,6
2019,June,China,3496,176.4,29.52314815,36037.41997,3.691358025,7.188271605,2620,40365,185.7,96.55202,6
2019,June,Maldives,3350,176.4,29.52314815,36037.41997,3.691358025,7.188271605,2620,40365,185.7,98.16091913,6
2019,June,Germany,3312,176.4,29.52314815,36037.41997,3.691358025,7.188271605,2620,40365,185.7,100.2743,6
2019,June,Canada,2827,176.4,29.52314815,36037.41997,3.691358025,7.188271605,2620,40365,185.7,136.3,6
2019,June,United States,2412,176.4,29.52314815,36037.41997,3.691358025,7.188271605,2620,40365,185.7,117.4668834,6
2019,June,France,1989,176.4,29.52314815,36037.41997,3.691358025,7.188271605,2620,40365,185.7,104.58,6
2019,June,Saudi Arabia,1500,176.4,29.52314815,36037.41997,3.691358025,7.188271605,2620,40365,185.7,97.69,6
2019,July,India,18309,176.3,29.72222222,36822.61417,3.223765432,6.651234568,2620,40365,167.4,144.2,7
2019,July,United Kingdom,13010,176.3,29.72222222,36822.61417,3.223765432,6.651234568,2620,40365,167.4,108.0,7
2019,July,Germany,8385,176.3,29.72222222,36822.61417,3.223765432,6.651234568,2620,40365,167.4,100.7487,7
2019,July,France,7142,176.3,29.72222222,36822.61417,3.223765432,6.651234568,2620,40365,167.4,104.38,7
2019,July,China,6926,176.3,29.72222222,36822.61417,3.223765432,6.651234568,2620,40365,167.4,96.91061,7
2019,July,Netherlands,6385,176.3,29.72222222,36822.61417,3.223765432,6.651234568,2620,40365,167.4,106.9,7
2019,July,Australia,5619,176.3,29.72222222,36822.61417,3.223765432,6.651234568,2620,40365,167.4,115.4,7
2019,July,Maldives,3875,176.3,29.72222222,36822.61417,3.223765432,6.651234568,2620,40365,167.4,97.44848362,7
2019,July,Canada,3826,176.3,29.72222222,36822.61417,3.223765432,6.651234568,2620,40365,167.4,137.0,7
2019,July,Switzerland,3421,176.3,29.72222222,36822.61417,3.223765432,6.651234568,2620,40365,167.4,101.2735,7
2019,August,India,37568,179.2,29.83549383,36249.0525,3.961111111,7.429012346,2620,40365,153.6,145.0,8
2019,August,United Kingdom,14132,179.2,29.83549383,36249.0525,3.961111111,7.429012346,2620,40365,153.6,108.3,8
2019,August,China,9503,179.2,29.83549383,36249.0525,3.961111111,7.429012346,2620,40365,153.6,97.62781,8
2019,August,Germany,7667,179.2,29.83549383,36249.0525,3.961111111,7.429012346,2620,40365,153.6,100.5589,8
2019,August,France,7087,179.2,29.83549383,36249.0525,3.961111111,7.429012346,2620,40365,153.6,104.86,8
2019,August,Australia,5985,179.2,29.83549383,36249.0525,3.961111111,7.429012346,2620,40365,153.6,115.4,8
2019,August,Maldives,4930,179.2,29.83549383,36249.0525,3.961111111,7.429012346,2620,40365,153.6,98.07236877,8
2019,August,United States,4686,179.2,29.83549383,36249.0525,3.961111111,7.429012346,2620,40365,153.6,117.657202,8
2019,August,Spain,4419,179.2,29.83549383,36249.0525,3.961111111,7.429012346,2620,40365,153.6,97.059,8
2019,August,Canada,4052,179.2,29.83549383,36249.0525,3.961111111,7.429012346,2620,40365,153.6,136.8,8
2019,September,India,28917,182.0,29.71388889,34288.09336,7.780246914,8.638888889,2620,40365,167.6,145.8,9
2019,September,China,9231,182.0,29.71388889,34288.09336,7.780246914,8.638888889,2620,40365,167.6,98.43465,9
2019,September,United Kingdom,8322,182.0,29.71388889,34288.09336,7.780246914,8.638888889,2620,40365,167.6,108.4,9
2019,September,Australia,6895,182.0,29.71388889,34288.09336,7.780246914,8.638888889,2620,40365,167.6,115.4,9
2019,September,Germany,6396,182.0,29.71388889,34288.09336,7.780246914,8.638888889,2620,40365,167.6,100.5589,9
2019,September,Maldives,4304,182.0,29.71388889,34288.09336,7.780246914,8.638888889,2620,40365,167.6,97.84342589,9
2019,September,France,2928,182.0,29.71388889,34288.09336,7.780246914,8.638888889,2620,40365,167.6,104.5,9
2019,September,United States,2830,182.0,29.71388889,34288.09336,7.780246914,8.638888889,2620,40365,167.6,117.7493803,9
2019,September,Netherlands,2673,182.0,29.71388889,34288.09336,7.780246914,8.638888889,2620,40365,167.6,106.7,9
2019,September,Canada,2438,182.0,29.71388889,34288.09336,7.780246914,8.638888889,2620,40365,167.6,136.2,9
2019,October,India,33217,181.05,29.84814815,35425.04586,5.179938272,8.030864198,2620,40365,173.3,147.2,10
2019,October,China,11683,181.05,29.84814815,35425.04586,5.179938272,8.030864198,2620,40365,173.3,99.33114,10
2019,October,United Kingdom,8763,181.05,29.84814815,35425.04586,5.179938272,8.030864198,2620,40365,173.3,108.3,10
2019,October,Germany,7820,181.05,29.84814815,35425.04586,5.179938272,8.030864198,2620,40365,173.3,100.6538,10
2019,October,Russia,5761,181.05,29.84814815,35425.04586,5.179938272,8.030864198,2620,40365,173.3,181.0478,10
2019,October,Australia,5562,181.05,29.84814815,35425.04586,5.179938272,8.030864198,2620,40365,173.3,116.2,10
2019,October,Maldives,3934,181.05,29.84814815,35425.04586,5.179938272,8.030864198,2620,40365,173.3,98.11434567,10
2019,October,France,3383,181.05,29.84814815,35425.04586,5.179938272,8.030864198,2620,40365,173.3,104.46,10
2019,October,United States,2836,181.05,29.84814815,35425.04586,5.179938272,8.030864198,2620,40365,173.3,118.0185778,10
2019,October,Ukraine,2655,181.05,29.84814815,35425.04586,5.179938272,8.030864198,2620,40365,173.3,274.1,10
2019,November,India,31677,180.85,29.71358025,35610.51389,6.353395062,7.419753086,2620,40365,178.0,148.6,11
2019,November,Germany,20844,180.85,29.71358025,35610.51389,6.353395062,7.419753086,2620,40365,178.0,99.89487,11
2019,November,China,16312,180.85,29.71358025,35610.51389,6.353395062,7.419753086,2620,40365,178.0,99.68974,11
2019,November,United Kingdom,16038,180.85,29.71358025,35610.51389,6.353395062,7.419753086,2620,40365,178.0,108.5,11
2019,November,Russia,14537,180.85,29.71358025,35610.51389,6.353395062,7.419753086,2620,40365,178.0,181.5548,11
2019,November,Australia,7067,180.85,29.71358025,35610.51389,6.353395062,7.419753086,2620,40365,178.0,116.2,11
2019,November,Maldives,5850,180.85,29.71358025,35610.51389,6.353395062,7.419753086,2620,40365,178.0,97.98583349,11
2019,November,France,4857,180.85,29.71358025,35610.51389,6.353395062,7.419753086,2620,40365,178.0,104.52,11
2019,November,Ukraine,4770,180.85,29.71358025,35610.51389,6.353395062,7.419753086,2620,40365,178.0,274.3,11
2019,November,United States,4514,180.85,29.71358025,35610.51389,6.353395062,7.419753086,2620,40365,178.0,117.9552912,11
2019,December,India,48442,181.3,29.58518519,36144.59463,4.839197531,7.669753086,2620,40365,188.2,150.4,12
2019,December,United Kingdom,20984,181.3,29.58518519,36144.59463,4.839197531,7.669753086,2620,40365,188.2,108.5,12
2019,December,Russia,17559,181.3,29.58518519,36144.59463,4.839197531,7.669753086,2620,40365,188.2,182.2084,12
2019,December,China,16648,181.3,29.58518519,36144.59463,4.839197531,7.669753086,2620,40365,188.2,99.68974,12
2019,December,Australia,14467,181.3,29.58518519,36144.59463,4.839197531,7.669753086,2620,40365,188.2,116.2,12
2019,December,Germany,12349,181.3,29.58518519,36144.59463,4.839197531,7.669753086,2620,40365,188.2,100.3692,12
2019,December,United States,12302,181.3,29.58518519,36144.59463,4.839197531,7.669753086,2620,40365,188.2,117.8479791,12
2019,December,Maldives,9033,181.3,29.58518519,36144.59463,4.839197531,7.669753086,2620,40365,188.2,98.45511053,12
2019,December,France,6824,181.3,29.58518519,36144.59463,4.839197531,7.669753086,2620,40365,188.2,104.98,12
2019,December,Canada,6512,181.3,29.58518519,36144.59463,4.839197531,7.669753086,2620,40365,188.2,136.4,12
2020,January,India,41448,181.35,29.65987654,35922.32025,2.995679012,6.555555556,3019,42750,171.9,150.2,1
2020,January,China,22363,181.35,29.65987654,35922.32025,2.995679012,6.555555556,3019,42750,171.9,101.1241,1
2020,January,United Kingdom,21138,181.35,29.65987654,35922.32025,2.995679012,6.555555556,3019,42750,171.9,108.3,1
2020,January,Russia,19616,181.35,29.65987654,35922.32025,2.995679012,6.555555556,3019,42750,171.9,182.9372,1
2020,January,Germany,11494,181.35,29.65987654,35922.32025,2.995679012,6.555555556,3019,42750,171.9,99.8,1
2020,January,France,9352,181.35,29.65987654,35922.32025,2.995679012,6.555555556,3019,42750,171.9,104.54,1
2020,January,Ukraine,8549,181.35,29.65987654,35922.32025,2.995679012,6.555555556,3019,42750,171.9,274.3,1
2020,January,Australia,8115,181.35,29.65987654,35922.32025,2.995679012,6.555555556,3019,42750,171.9,116.6,1
2020,January,United States,7494,181.35,29.65987654,35922.32025,2.995679012,6.555555556,3019,42750,171.9,118.3052021,1
2020,January,Poland,5577,181.35,29.65987654,35922.32025,2.995679012,6.555555556,3019,42750,171.9,132.8,1
2020,February,India,35309,181.85,29.46820988,32998.58244,7.026234568,7.851851852,3019,42750,172.3,149.1,2
2020,February,United Kingdom,26348,181.85,29.46820988,32998.58244,7.026234568,7.851851852,3019,42750,172.3,108.6,2
2020,February,Russia,20948,181.85,29.46820988,32998.58244,7.026234568,7.851851852,3019,42750,172.3,183.5409,2
2020,February,Germany,16405,181.85,29.46820988,32998.58244,7.026234568,7.851851852,3019,42750,172.3,100.1,2
2020,February,France,11430,181.85,29.46820988,32998.58244,7.026234568,7.851851852,3019,42750,172.3,104.53,2
2020,February,Australia,9578,181.85,29.46820988,32998.58244,7.026234568,7.851851852,3019,42750,172.3,116.6,2
2020,February,United States,7803,181.85,29.46820988,32998.58244,7.026234568,7.851851852,3019,42750,172.3,118.6294315,2
2020,February,Ukraine,6072,181.85,29.46820988,32998.58244,7.026234568,7.851851852,3019,42750,172.3,273.5,2
2020,February,Canada,5482,181.85,29.46820988,32998.58244,7.026234568,7.851851852,3019,42750,172.3,137.4,2
2020,February,Poland,4693,181.85,29.46820988,32998.58244,7.026234568,7.851851852,3019,42750,172.3,133.7,2
2020,March,India,12600,189.0,29.61635802,34802.30929,4.427160494,6.614197531,3019,42750,155.5,148.6,3
2020,March,Russia,8833,189.0,29.61635802,34802.30929,4.427160494,6.614197531,3019,42750,155.5,184.5504,3
2020,March,United Kingdom,7969,189.0,29.61635802,34802.30929,4.427160494,6.614197531,3019,42750,155.5,108.6,3
2020,March,Germany,6608,189.0,29.61635802,34802.30929,4.427160494,6.614197531,3019,42750,155.5,100.3,3
2020,March,France,4056,189.0,29.61635802,34802.30929,4.427160494,6.614197531,3019,42750,155.5,104.59,3
2020,March,Australia,2590,189.0,29.61635802,34802.30929,4.427160494,6.614197531,3019,42750,155.5,116.6,3
2020,March,Maldives,2183,189.0,29.61635802,34802.30929,4.427160494,6.614197531,3019,42750,155.5,97.22341598,3
2020,March,Ukraine,2155,189.0,29.61635802,34802.30929,4.427160494,6.614197531,3019,42750,155.5,275.7,3
2020,March,China,1688,189.0,29.61635802,34802.30929,4.427160494,6.614197531,3019,42750,155.5,100.6759,3
2020,March,Poland,1638,189.0,29.61635802,34802.30929,4.427160494,6.614197531,3019,42750,155.5,134.0,3
2018,January,India,37936,153.9,29.27592593,34796.17889,4.943518519,7.280864198,2121,35397,187.7,136.9,1
2018,January,China,24275,153.9,29.27592593,34796.17889,4.943518519,7.280864198,2121,35397,187.7,94.3108,1
2018,January,United Kingdom,22940,153.9,29.27592593,34796.17889,4.943518519,7.280864198,2121,35397,187.7,104.5,1
2018,January,Germany,15298,153.9,29.27592593,34796.17889,4.943518519,7.280864198,2121,35397,187.7,96.76426,1
2018,January,France,12221,153.9,29.27592593,34796.17889,4.943518519,7.280864198,2121,35397,187.7,101.75,1
2018,January,Russia,11569,153.9,29.27592593,34796.17889,4.943518519,7.280864198,2121,35397,187.7,170.1047,1
2018,January,Australia,9452,153.9,29.27592593,34796.17889,4.943518519,7.280864198,2121,35397,187.7,112.6,1
2018,January,United States,7501,153.9,29.27592593,34796.17889,4.943518519,7.280864198,2121,35397,187.7,113.6715194,1
2018,January,Ukraine,6636,153.9,29.27592593,34796.17889,4.943518519,7.280864198,2121,35397,187.7,243.3,1
2018,January,Maldives,6124,153.9,29.27592593,34796.17889,4.943518519,7.280864198,2121,35397,187.7,98.37446639,1
2018,February,China,35929,154.95,29.18950617,34864.7129,4.975,7.472222222,2121,35397,189.3,95.47623,2
2018,February,India,32914,154.95,29.18950617,34864.7129,4.975,7.472222222,2121,35397,189.3,136.4,2
2018,February,United Kingdom,23817,154.95,29.18950617,34864.7129,4.975,7.472222222,2121,35397,189.3,104.9,2
2018,February,Germany,17066,154.95,29.18950617,34864.7129,4.975,7.472222222,2121,35397,189.3,97.04886,2
2018,February,France,16871,154.95,29.18950617,34864.7129,4.975,7.472222222,2121,35397,189.3,101.72,2
2018,February,Russia,11043,154.95,29.18950617,34864.7129,4.975,7.472222222,2121,35397,189.3,170.4619,2
2018,February,United States,5984,154.95,29.18950617,34864.7129,4.975,7.472222222,2121,35397,189.3,114.1869845,2
2018,February,Australia,5693,154.95,29.18950617,34864.7129,4.975,7.472222222,2121,35397,189.3,112.6,2
2018,February,Japan,5263,154.95,29.18950617,34864.7129,4.975,7.472222222,2121,35397,189.3,99.5,2
2018,February,Ukraine,5138,154.95,29.18950617,34864.7129,4.975,7.472222222,2121,35397,189.3,245.5,2
2018,March,India,30583,155.6,29.23364198,34414.23083,6.385802469,7.950617284,2121,35397,177.0,136.5,3
2018,March,United Kingdom,30366,155.6,29.23364198,34414.23083,6.385802469,7.950617284,2121,35397,177.0,105.1,3
2018,March,Germany,24423,155.6,29.23364198,34414.23083,6.385802469,7.950617284,2121,35397,177.0,97.61806,3
2018,March,China,21101,155.6,29.23364198,34414.23083,6.385802469,7.950617284,2121,35397,177.0,94.40044,3
2018,March,France,14818,155.6,29.23364198,34414.23083,6.385802469,7.950617284,2121,35397,177.0,102.75,3
2018,March,United States,9701,155.6,29.23364198,34414.23083,6.385802469,7.950617284,2121,35397,177.0,114.4451757,3
2018,March,Russia,9089,155.6,29.23364198,34414.23083,6.385802469,7.950617284,2121,35397,177.0,170.9562,3
2018,March,Australia,8932,155.6,29.23364198,34414.23083,6.385802469,7.950617284,2121,35397,177.0,112.6,3
2018,March,Maldives,7239,155.6,29.23364198,34414.23083,6.385802469,7.950617284,2121,35397,177.0,98.43439572,3
2018,March,Canada,5113,155.6,29.23364198,34414.23083,6.385802469,7.950617284,2121,35397,177.0,132.9,3
2018,April,India,29860,157.6,29.25339506,35487.30448,3.619753086,6.586419753,2121,35397,182.0,137.1,4
2018,April,United Kingdom,26063,157.6,29.25339506,35487.30448,3.619753086,6.586419753,2121,35397,182.0,105.5,4
2018,April,China,17462,157.6,29.25339506,35487.30448,3.619753086,6.586419753,2121,35397,182.0,94.22115,4
2018,April,Australia,14023,157.6,29.25339506,35487.30448,3.619753086,6.586419753,2121,35397,182.0,113.0,4
2018,April,Germany,10803,157.6,29.25339506,35487.30448,3.619753086,6.586419753,2121,35397,182.0,97.80779,4
2018,April,United States,8679,157.6,29.25339506,35487.30448,3.619753086,6.586419753,2121,35397,182.0,114.9001057,4
2018,April,France,7411,157.6,29.25339506,35487.30448,3.619753086,6.586419753,2121,35397,182.0,102.92,4
2018,April,Maldives,5696,157.6,29.25339506,35487.30448,3.619753086,6.586419753,2121,35397,182.0,96.77385347,4
2018,April,Canada,4972,157.6,29.25339506,35487.30448,3.619753086,6.586419753,2121,35397,182.0,133.3,4
2018,April,Russia,4027,157.6,29.25339506,35487.30448,3.619753086,6.586419753,2121,35397,182.0,171.6059,4
2018,May,India,42073,158.15,28.85154321,31987.29515,7.212962963,8.055555556,2121,35397,177.4,137.8,5
2018,May,China,17103,158.15,28.85154321,31987.29515,7.212962963,8.055555556,2121,35397,177.4,94.04185,5
2018,May,United Kingdom,9337,158.15,28.85154321,31987.29515,7.212962963,8.055555556,2121,35397,177.4,105.9,5
2018,May,Germany,6906,158.15,28.85154321,31987.29515,7.212962963,8.055555556,2121,35397,177.4,98.56673,5
2018,May,Australia,4873,158.15,28.85154321,31987.29515,7.212962963,8.055555556,2121,35397,177.4,113.0,5
2018,May,Maldives,4343,158.15,28.85154321,31987.29515,7.212962963,8.055555556,2121,35397,177.4,96.43808138,5
2018,May,Japan,4229,158.15,28.85154321,31987.29515,7.212962963,8.055555556,2121,35397,177.4,99.3,5
2018,May,United States,4123,158.15,28.85154321,31987.29515,7.212962963,8.055555556,2121,35397,177.4,115.3779657,5
2018,May,France,3721,158.15,28.85154321,31987.29515,7.212962963,8.055555556,2121,35397,177.4,103.36,5
2018,May,Canada,3297,158.15,28.85154321,31987.29515,7.212962963,8.055555556,2121,35397,177.4,133.4,5
2018,June,India,32971,158.2,28.65092593,30681.63728,9.765432099,8.712962963,2121,35397,190.4,138.5,6
2018,June,China,20424,158.2,28.65092593,30681.63728,9.765432099,8.712962963,2121,35397,190.4,94.04185,6
2018,June,United Kingdom,12104,158.2,28.65092593,30681.63728,9.765432099,8.712962963,2121,35397,190.4,105.9,6
2018,June,Australia,9997,158.2,28.65092593,30681.63728,9.765432099,8.712962963,2121,35397,190.4,113.0,6
2018,June,Germany,5792,158.2,28.65092593,30681.63728,9.765432099,8.712962963,2121,35397,190.4,98.6616,6
2018,June,Saudi Arabia,5422,158.2,28.65092593,30681.63728,9.765432099,8.712962963,2121,35397,190.4,100.2925,6
2018,June,Maldives,5362,158.2,28.65092593,30681.63728,9.765432099,8.712962963,2121,35397,190.4,96.62776629,6
2018,June,United States,4979,158.2,28.65092593,30681.63728,9.765432099,8.712962963,2121,35397,190.4,115.5618638,6
2018,June,Canada,4676,158.2,28.65092593,30681.63728,9.765432099,8.712962963,2121,35397,190.4,133.6,6
2018,June,France,3688,158.2,28.65092593,30681.63728,9.765432099,8.712962963,2121,35397,190.4,103.37,6
2018,July,India,31032,159.55,28.49104938,32715.23833,7.309567901,8.320987654,2121,35397,179.3,139.8,7
2018,July,China,27460,159.55,28.49104938,32715.23833,7.309567901,8.320987654,2121,35397,179.3,94.3108,7
2018,July,United Kingdom,25186,159.55,28.49104938,32715.23833,7.309567901,8.320987654,2121,35397,179.3,105.9,7
2018,July,Netherlands,13342,159.55,28.49104938,32715.23833,7.309567901,8.320987654,2121,35397,179.3,104.28,7
2018,July,France,11301,159.55,28.49104938,32715.23833,7.309567901,8.320987654,2121,35397,179.3,103.28,7
2018,July,Germany,10825,159.55,28.49104938,32715.23833,7.309567901,8.320987654,2121,35397,179.3,99.04106,7
2018,July,Australia,8801,159.55,28.49104938,32715.23833,7.309567901,8.320987654,2121,35397,179.3,113.5,7
2018,July,Saudi Arabia,8409,159.55,28.49104938,32715.23833,7.309567901,8.320987654,2121,35397,179.3,100.1513,7
2018,July,United States,7164,159.55,28.49104938,32715.23833,7.309567901,8.320987654,2121,35397,179.3,115.56966,7
2018,July,Maldives,6348,159.55,28.49104938,32715.23833,7.309567901,8.320987654,2121,35397,179.3,97.15409886,7
2018,August,India,32115,161.4,28.58611111,33666.40904,6.745061728,8.487654321,2121,35397,163.5,140.4,8
2018,August,China,26558,161.4,28.58611111,33666.40904,6.745061728,8.487654321,2121,35397,163.5,94.93834,8
2018,August,United Kingdom,23643,161.4,28.58611111,33666.40904,6.745061728,8.487654321,2121,35397,163.5,106.5,8
2018,August,France,11016,161.4,28.58611111,33666.40904,6.745061728,8.487654321,2121,35397,163.5,103.78,8
2018,August,Germany,10809,161.4,28.58611111,33666.40904,6.745061728,8.487654321,2121,35397,163.5,99.13593,8
2018,August,Australia,8239,161.4,28.58611111,33666.40904,6.745061728,8.487654321,2121,35397,163.5,113.5,8
2018,August,Maldives,6880,161.4,28.58611111,33666.40904,6.745061728,8.487654321,2121,35397,163.5,98.49068649,8
2018,August,Saudi Arabia,6517,161.4,28.58611111,33666.40904,6.745061728,8.487654321,2121,35397,163.5,100.0101,8
2018,August,Netherlands,6182,161.4,28.58611111,33666.40904,6.745061728,8.487654321,2121,35397,163.5,104.4,8
2018,August,Spain,5782,161.4,28.58611111,33666.40904,6.745061728,8.487654321,2121,35397,163.5,96.742,8
2018,September,India,32300,169.0,28.61111111,29759.55802,6.894753086,9.098765432,2121,35397,181.0,140.2,9
2018,September,China,19600,169.0,28.61111111,29759.55802,6.894753086,9.098765432,2121,35397,181.0,95.56588,9
2018,September,United Kingdom,14226,169.0,28.61111111,29759.55802,6.894753086,9.098765432,2121,35397,181.0,106.6,9
2018,September,Germany,9668,169.0,28.61111111,29759.55802,6.894753086,9.098765432,2121,35397,181.0,99.32567,9
2018,September,Australia,8746,169.0,28.61111111,29759.55802,6.894753086,9.098765432,2121,35397,181.0,113.5,9
2018,September,Maldives,4695,169.0,28.61111111,29759.55802,6.894753086,9.098765432,2121,35397,181.0,97.82405402,9
2018,September,Japan,4480,169.0,28.61111111,29759.55802,6.894753086,9.098765432,2121,35397,181.0,99.9,9
2018,September,United States,4406,169.0,28.61111111,29759.55802,6.894753086,9.098765432,2121,35397,181.0,115.7682333,9
2018,September,France,4316,169.0,28.61111111,29759.55802,6.894753086,9.098765432,2121,35397,181.0,103.56,9
2018,September,Netherlands,4049,169.0,28.61111111,29759.55802,6.894753086,9.098765432,2121,35397,181.0,103.95,9
2018,October,India,38169,175.3,28.81790123,33460.75747,4.783333333,7.515432099,2121,35397,182.3,140.6,10
2018,October,China,18882,175.3,28.81790123,33460.75747,4.783333333,7.515432099,2121,35397,182.3,95.74518,10
2018,October,United Kingdom,17673,175.3,28.81790123,33460.75747,4.783333333,7.515432099,2121,35397,182.3,106.7,10
2018,October,Germany,9920,175.3,28.81790123,33460.75747,4.783333333,7.515432099,2121,35397,182.3,99.5154,10
2018,October,Australia,6912,175.3,28.81790123,33460.75747,4.783333333,7.515432099,2121,35397,182.3,114.1,10
2018,October,Maldives,5223,175.3,28.81790123,33460.75747,4.783333333,7.515432099,2121,35397,182.3,97.38290027,10
2018,October,France,4784,175.3,28.81790123,33460.75747,4.783333333,7.515432099,2121,35397,182.3,103.67,10
2018,October,United States,3714,175.3,28.81790123,33460.75747,4.783333333,7.515432099,2121,35397,182.3,115.9727684,10
2018,October,Netherlands,3222,175.3,28.81790123,33460.75747,4.783333333,7.515432099,2121,35397,182.3,104.32,10
2018,October,Russia,3096,175.3,28.81790123,33460.75747,4.783333333,7.515432099,2121,35397,182.3,174.473,10
2018,November,India,39137,178.5,28.76851852,34673.09037,3.331790123,6.182098765,2121,35397,183.5,140.8,11
2018,November,United Kingdom,21971,178.5,28.76851852,34673.09037,3.331790123,6.182098765,2121,35397,183.5,106.9,11
2018,November,China,18888,178.5,28.76851852,34673.09037,3.331790123,6.182098765,2121,35397,183.5,95.38658,11
2018,November,Germany,18754,178.5,28.76851852,34673.09037,3.331790123,6.182098765,2121,35397,183.5,98.85133,11
2018,November,Australia,10299,178.5,28.76851852,34673.09037,3.331790123,6.182098765,2121,35397,183.5,114.1,11
2018,November,Russia,8090,178.5,28.76851852,34673.09037,3.331790123,6.182098765,2121,35397,183.5,175.3454,11
2018,November,Maldives,7418,178.5,28.76851852,34673.09037,3.331790123,6.182098765,2121,35397,183.5,97.45706624,11
2018,November,France,6825,178.5,28.76851852,34673.09037,3.331790123,6.182098765,2121,35397,183.5,103.45,11
2018,November,United States,5799,178.5,28.76851852,34673.09037,3.331790123,6.182098765,2121,35397,183.5,115.5843352,11
2018,November,Switzerland,3531,178.5,28.76851852,34673.09037,3.331790123,6.182098765,2121,35397,183.5,100.9228,11
2018,December,India,45797,182.6,28.62561728,32904.0221,5.494444444,7.543209877,2121,35397,197.5,140.1,12
2018,December,United Kingdom,26828,182.6,28.62561728,32904.0221,5.494444444,7.543209877,2121,35397,197.5,107.1,12
2018,December,China,18283,182.6,28.62561728,32904.0221,5.494444444,7.543209877,2121,35397,197.5,95.47623,12
2018,December,Germany,16624,182.6,28.62561728,32904.0221,5.494444444,7.543209877,2121,35397,197.5,98.85133,12
2018,December,Australia,14961,182.6,28.62561728,32904.0221,5.494444444,7.543209877,2121,35397,197.5,114.1,12
2018,December,Maldives,12054,182.6,28.62561728,32904.0221,5.494444444,7.543209877,2121,35397,197.5,97.20175936,12
2018,December,Russia,11258,182.6,28.62561728,32904.0221,5.494444444,7.543209877,2121,35397,197.5,176.8183,12
2018,December,France,9475,182.6,28.62561728,32904.0221,5.494444444,7.543209877,2121,35397,197.5,103.47,12
2018,December,United States,8848,182.6,28.62561728,32904.0221,5.494444444,7.543209877,2121,35397,197.5,115.2151631,12
2018,December,Sweden,6834,182.6,28.62561728,32904.0221,5.494444444,7.543209877,2121,35397,197.5,331.87,12
